{"count":1,"self":355.208832,"total":882.46999199999993,"children":{"InitializeActuators":{"count":12,"self":0.00091999999999999992,"total":0.00091999999999999992,"children":null},"InitializeSensors":{"count":12,"self":0.00087199999999999995,"total":0.00087199999999999995,"children":null},"AgentSendState":{"count":335684,"self":2.2508269999999997,"total":8.726452,"children":{"CollectObservations":{"count":805644,"self":0.99303,"total":0.99303,"children":null},"WriteActionMask":{"count":805644,"self":0.44171,"total":0.44171,"children":null},"RequestDecision":{"count":805644,"self":1.5981429999999999,"total":5.0408849999999994,"children":{"AgentInfo.ToProto":{"count":805644,"self":1.458043,"total":3.442742,"children":{"GenerateSensorData":{"count":805644,"self":1.984699,"total":1.984699,"children":null}}}}}}},"DecideAction":{"count":335684,"self":514.5820672,"total":514.582046,"children":null},"AgentAct":{"count":335684,"self":3.9000312,"total":3.902005,"children":{"AgentInfo.ToProto":{"count":254,"self":0.000829,"total":0.001974,"children":{"GenerateSensorData":{"count":254,"self":0.001145,"total":0.001145,"children":null}}}}},"AgentInfo.ToProto":{"count":5431,"self":0.020635999999999998,"total":0.048583999999999995,"children":{"GenerateSensorData":{"count":5431,"self":0.027947999999999997,"total":0.027947999999999997,"children":null}}}},"gauges":{"Romba.CumulativeReward":{"count":5685,"max":1.98519969,"min":-3.80454874,"runningAverage":0.645273268,"value":0.8517998,"weightedAverage":0.8754423}},"metadata":{"timer_format_version":"0.1.0","start_time_seconds":"1746177605","unity_version":"6000.0.40f1","command_line_arguments":"\/Applications\/Unity\/Hub\/Editor\/6000.0.40f1\/Unity.app\/Contents\/MacOS\/Unity -projectpath \/Users\/danyleguy\/Documents\/EPITECH\/MSc2\/AI\/mujoco\/mujoco_RL -useHub -hubIPC -cloudEnvironment production","communication_protocol_version":"1.5.0","com.unity.ml-agents_version":"3.0.0","scene_name":"SampleScene","end_time_seconds":"1746178487"}}